Student_ID;Name;Module_Code
101;John Doe;CMS-LM-AI
102;Jane Smith;CMS-LM-AI
103;Michael Johnson;CMS-LM-AI
104;Emily Davis;CMS-LM-AI
105;Robert Brown;CMS-LM-AI
106;Amy Wilson;CMS-LM-AI
107;William Jones;CMS-LM-AI
108;Olivia Miller;CMS-LM-AI
109;David Anderson;CMS-LM-AI
110;Emma Taylor;CMS-LM-AI
111;Samuel White;CS-Dipl-Comp
112;Abigail Harris;CS-Dipl-Comp
113;Nathan Clark;CS-Dipl-Comp
114;Sophia Lee;CS-Dipl-Comp
115;Ethan Moore;CS-Dipl-Comp
116;Isabella Taylor;CS-Dipl-Comp
117;Aiden Martinez;CS-Dipl-Comp
118;Mia Wilson;CS-Dipl-Comp
119;Liam Jackson;CS-Dipl-Comp
120;Grace Anderson;CS-Dipl-Comp
121;Daniel Thomas;CMS-LM-Adv
122;Chloe Allen;CMS-LM-Adv
123;Logan Carter;CMS-LM-Adv
124;Ava Baker;CMS-LM-Adv
125;Christopher Hall;CMS-LM-Adv
126;Harper Davis;CMS-LM-Adv
127;Mason Allen;CMS-LM-Adv
128;Ella Parker;CMS-LM-Adv
129;Aiden Turner;CMS-LM-Adv
130;Sophie Wright;CMS-LM-Adv